ID,Sampling day,Season,Species code,Incub. Container,Vol. pre-filtered water (L),# indiv.,Incub. Start time (24h),Incub. End time (24h),Time elapsed (min),Incub. Temperature,Group dry mass (g),Ind. wet.dry mass (g),Ind. dry mass (g),Notes,SRP (ug/L),P excretion (ug),P excretion rate (ug/h/ind),NH4 (ug/L),N excretion (ug),N excretion rate (ug/h/ind),TDP (ug/L),P excretion 2 (ug),P excretion rate 2 (ug/h/ind),TDN (ug/L),N excretion 2 (ug),N excretion rate 2 (ug/h/ind),%C tissue,%N tissue,%P tissue,C:N,C:P,N:P,d13C,d15N,pH,Specfic Conductance ( µS),Conductivity ( µS),TDP (ug/L),TDN (ug/L),NO3 (ug/L),Chlorophyll-a (ug/L),K (ug/L),Ca (ug/L),V (ug/L),Mn (ug/L),Fe (ug/L),Cu (ug/L),Zn (ug/L),Sr (ug/L),Mo (ug/L),Ba (ug/L),DOC (mg/L),A254,A280,A350,A440,S275to295,S350to400,SR,BA,FI,HIX,HIX.ohno,PeakA,PeakB,PeakC,PeakD,PeakE,PeakM,PeakN,PeakP,PeakT,C1,C2,C3,C4,C5,C6,C7,C.SUM,C1.PER,C2.PER,C3.PER,C4.PER,C5.PER,C6.PER,C7.PER
100,SD1,S,WP,4L WP,3,1,20.10,20.40,30,26.7,NA,190,47.5,± 5g for the weight due to the wind,133.35915,375.795105,751.59021,552.551,1585.91565,3171.8313,185.899164,532.2383393,1064.476679,1284.544587,3268.929975,6537.85995,,,NA,,NA,NA,-23.46392457,13.6533783,,,,,,,,,,,,,,,,,,,,,,,,,,,,,,,,,,,,,,,,,,,,,,,,,,,,,
101,SD1,S,WP,4L WP,3,1,20.15,20.45,30,26.7,NA,150,37.5,± 5g for the weight due to the wind,68.97756,182.650335,365.30067,422.564,1195.95465,2391.9093,97.6844745,267.5942708,535.1885415,1026.447926,2494.639993,4989.279986,,,NA,4.954766002,NA,NA,-23.57995314,13.2516865,,,,,,,,,,,,,,,,,,,,,,,,,,,,,,,,,,,,,,,,,,,,,,,,,,,,,
102,SD1,S,WP,4L WP,3,1,20.17,20.48,31,26.7,NA,166,41.5,± 5g for the weight due to the wind. Fish upside down after incubation,52.46946,133.126035,257.6632935,403.9194,1140.02085,2206.491968,90.181491,245.0853203,474.3586844,827.112088,1896.632479,3670.901573,,,NA,,NA,NA,-24.82197815,13.55605458,,,,,,,,,,,,,,,,,,,,,,,,,,,,,,,,,,,,,,,,,,,,,,,,,,,,,
103,SD1,S,WP,4L WP,3,1,20.18,20.49,31,26.7,NA,104,26,± 5g for the weight due to the wind,80.92628,218.496495,422.8964419,357.1766,999.79245,1935.082161,100.816788,276.9912113,536.1120218,613.795509,1256.682742,2432.289179,,,NA,4.749969539,NA,NA,-24.04874522,12.74130587,,,,,,,,,,,,,,,,,,,,,,,,,,,,,,,,,,,,,,,,,,,,,,,,,,,,,
104,SD1,S,WP,4L WP,2,1,20.20,20.51,31,26.7,NA,90,22.5,± 5g for the weight due to the wind,123.29707,230.40591,445.9469226,422.3014,796.7779,1542.150774,129.8817435,242.7907185,469.9175197,772.2917531,1154.780983,2235.059967,,,NA,3.291802308,NA,NA,-23.19993806,13.32790164,,,,,,,,,,,,,,,,,,,,,,,,,,,,,,,,,,,,,,,,,,,,,,,,,,,,,
105,SD1,S,WP,4L WP,2,1,20.22,20.52,30,26.7,NA,57,14.25,± 5g for the weight due to the wind,93.11083,170.03343,340.06686,356.3888,664.9527,1329.9054,104.3861685,191.7995685,383.599137,608.9623494,828.1221756,1656.244351,,,NA,3.473640973,NA,NA,-23.75030165,12.46836497,,,,,,,,,,,,,,,,,,,,,,,,,,,,,,,,,,,,,,,,,,,,,,,,,,,,,
107,SD2,S,YB,4L WP,5,1,10.20,10.42,22,26,NA,636,159,± 5g for the weight due to the wind,112.76333,523.346075,1427.307477,590.8906,2834.89075,7731.520227,129.0076095,602.6061263,1643.471253,1292.19972,5486.492291,14963.16079,,,NA,,NA,NA,,,,,,,,,,,,,,,,,,,,,,,,,,,,,,,,,,,,,,,,,,,,,,,,,,,,,,,
108,SD2,S,GF,4L WP,5,1,10.22,10.43,21,26,NA,605,151.25,± 5g for the weight due to the wind,72.75084,323.283625,923.6675,761.5806,3688.34075,10538.11643,108.246927,498.8027138,1425.150611,1304.536919,5548.178285,15851.93796,,,NA,,NA,NA,,,,,,,,,,,,,,,,,,,,,,,,,,,,,,,,,,,,,,,,,,,,,,,,,,,,,,,
109,SD2,S,GF,4L WP,5,1,10.23,10.44,21,26,NA,927,231.75,± 5g for the weight due to the wind,194.91078,934.083325,2668.8095,711.6866,3438.87075,9825.345,479.4571215,2354.853686,6728.153389,2634.004761,12195.5175,34844.3357,,,NA,,NA,NA,,,,,,,,,,,,,,,,,,,,,,,,,,,,,,,,,,,,,,,,,,,,,,,,,,,,,,,
110,SD2,S,GF,4L WP,5,1,10.26,10.46,20,26,NA,633,158.25,± 5g for the weight due to the wind,100.10712,460.065025,1380.195075,659.1666,3176.27075,9528.81225,145.106244,683.0992988,2049.297896,1132.708597,4689.036679,14067.11004,,,NA,,NA,NA,,,,,,,,,,,,,,,,,,,,,,,,,,,,,,,,,,,,,,,,,,,,,,,,,,,,,,,
111,SD2,S,YB,4L WP,4,1,10.28,10.58,30,26,NA,341,85.25,± 5g for the weight due to the wind,39.18437,124.36102,248.72204,563.3176,2157.6206,4315.2412,61.8449805,213.434385,426.86877,866.9042476,2688.011944,5376.023888,,,NA,,NA,NA,,,,,,,,,,,,,,,,,,,,,,,,,,,,,,,,,,,,,,,,,,,,,,,,,,,,,,,
112,SD2,S,YB,4L WP,5,1,10.30,11.00,30,26,NA,582,145.5,± 5g for the weight due to the wind,128.32811,601.169975,1202.33995,768.1456,3721.16575,7442.3315,195.514638,935.1412688,1870.282538,1245.466914,5252.828262,10505.65652,,,NA,,NA,NA,,,,,,,,,,,,,,,,,,,,,,,,,,,,,,,,,,,,,,,,,,,,,,,,,,,,,,,
113,SD2,S,YB,4L WP,5,1,10.33,11.03,30,26,NA,444,111,± 5g for the weight due to the wind. Fish removed from the bag after 20min then out back for another 10min (took it out sooner than was supposed to),49.6395,207.726925,415.45385,1116.0906,5460.89075,10921.7815,77.943615,347.2861538,694.5723075,1439.775661,6224.371996,12448.74399,,,NA,,NA,NA,,,,,,,,,,,,,,,,,,,,,,,,,,,,,,,,,,,,,,,,,,,,,,,,,,,,,,,
114,SD2,S,YB,4L WP,5,1,10.36,11.06,30,26,NA,483,120.75,± 5g for the weight due to the wind,40.44213,161.740075,323.48015,283.1234,1296.05475,2592.1095,115.3128435,534.1322963,1068.264593,639.6462831,2223.725107,4447.450215,,,NA,,NA,NA,,,,,,,,,,,,,,,,,,,,,,,,,,,,,,,,,,,,,,,,,,,,,,,,,,,,,,,
115,SD2,S,YB,4L WP,5,1,10.38,11.08,30,26,NA,504,126,± 5g for the weight due to the wind,19.68909,57.974875,115.94975,1175.9634,5760.25475,11520.5095,62.354892,269.3425388,538.6850775,1195.393206,5002.459721,10004.91944,,,NA,,NA,NA,,,,,,,,,,,,,,,,,,,,,,,,,,,,,,,,,,,,,,,,,,,,,,,,,,,,,,,
116,SD2,S,LB,4L WP,5,1,11.19,11.49,30,26,NA,557,139.25,± 5g for the weight due to the wind,197.81935,948.626175,1897.25235,833.533,4048.10275,8096.2055,266.465181,1289.893984,2579.787968,1768.925667,7870.122029,15740.24406,,,NA,,NA,NA,,,,,,,,,,,,,,,,,,,,,,,,,,,,,,,,,,,,,,,,,,,,,,,,,,,,,,,
117,SD2,S,LB,4L WP,5,1,11.21,11.51,30,26,NA,392,98,± 5g for the weight due to the wind,58.2866,250.962425,501.92485,729.806,3529.46775,7058.9355,100.52541,460.1951288,920.3902575,1015.585903,4103.423209,8206.846418,,,NA,,NA,NA,,,,,,,,,,,,,,,,,,,,,,,,,,,,,,,,,,,,,,,,,,,,,,,,,,,,,,,
118,SD2,S,YB,4L WP,5,1,11.24,11.54,30,26,NA,673,168.25,± 5g for the weight due to the wind. Fish double bagged because spikes pierce holes in the first bag to make sure no water is leaking outside the bags,53.96305,229.344675,458.68935,405.495,1907.91275,3815.8255,79.935714,357.2466488,714.4932975,685.6579608,2453.783496,4907.566992,,,NA,,NA,NA,,,,,,,,,,,,,,,,,,,,,,,,,,,,,,,,,,,,,,,,,,,,,,,,,,,,,,,
119,SD2,S,YB,4L WP,5,1,11.26,11.56,30,26,NA,408,102,± 5g for the weight due to the wind. Fish double bagged because spikes pierce holes in the first bag to make sure no water is leaking outside the bags,65.99038,289.481325,578.96265,496.3546,2362.21075,4724.4215,115.531377,535.2249638,1070.449928,802.9160627,3040.074005,6080.148011,,,NA,,NA,NA,,,,,,,,,,,,,,,,,,,,,,,,,,,,,,,,,,,,,,,,,,,,,,,,,,,,,,,
120,SD2,S,WE,4L WP,6,1,11.29,11.59,30,26,NA,723,180.75,± 5g for the weight due to the wind,230.28528,1333.14699,2666.29398,424.00152,2400.53442,4801.06884,373.2132015,2188.360904,4376.721807,1048.22549,5119.945372,10239.89074,,,NA,,NA,NA,,,,,,,,,,,,,,,,,,,,,,,,,,,,,,,,,,,,,,,,,,,,,,,,,,,,,,,
121,SD2,S,LB,4L WP,6,1,11.32,12.02,30,26,NA,726,181.5,± 5g for the weight due to the wind,63.0032,329.45451,658.90902,766.53,4455.7053,8911.4106,92.0026035,501.0973155,1002.194631,1207.095841,6073.167479,12146.33496,,,NA,,NA,NA,,,,,,,,,,,,,,,,,,,,,,,,,,,,,,,,,,,,,,,,,,,,,,,,,,,,,,,
122,SD2,S,GF,4L WP,6,1,11.34,12.04,30,26,NA,1070,267.5,± 5g for the weight due to the wind,163.85983,934.59429,1869.18858,724.10436,4201.15146,8402.30292,201.487887,1158.009017,2316.018033,1110.019487,5490.709353,10981.41871,,,NA,,NA,NA,,,,,,,,,,,,,,,,,,,,,,,,,,,,,,,,,,,,,,,,,,,,,,,,,,,,,,,
123,SD2,S,CTL1,4L WP,5,0,11.40,12.10,30,26,NA,NA,NA,± 5g for the weight due to the wind,7.03288,-5.306175,NA,19.07398,-24.19235,NA,7.0659165,-7.10233875,NA,194.9012616,0,NA,,,NA,,NA,NA,,,,,,,,,,,,,,,,,,,,,,,,,,,,,,,,,,,,,,,,,,,,,,,,,,,,,,,
124,SD2,S,CTL2,4L WP,4,0,11.43,12.10,27,26,NA,NA,NA,± 5g for the weight due to the wind,9.15535,4.24494,NA,28.75092,19.35388,NA,9.906852,5.681871,NA,248.2192966,213.27214,NA,,,NA,,NA,NA,,,,,,,,,,,,,,,,,,,,,,,,,,,,,,,,,,,,,,,,,,,,,,,,,,,,,,,
125,SD3,S,WP,4L WP,2,1,12.25,13.04,39,25,NA,40,10,"± 5g for the weight due to the wind. Fish was upside down during the incubation due to bag floating in the water and not leaving enough water for the fish to stand. For all values under detection limit (negative value), divide instrument detection limit by 2 (=lowest standard used for standard curve)",117.55854,225.21765,346.4886923,761.06412,1491.92496,2295.269169,149.185536,288.9008445,444.4628377,1224.123525,2237.090194,3441.677222,,,NA,3.349524801,NA,NA,-23.99557239,12.90011838,,,,,,,,,,,,,,,,,,,,,,,,,,,,,,,,,,,,,,,,,,,,,,,,,,,,,
126,SD3,S,QM,0.5L WP,0.3,10,12.34,13.42,68,25,0.0469,0.00469,0.00469,"± 5g for the weight due to the wind.For all values under detection limit (negative value), divide instrument detection limit by 2 (=lowest standard used for standard curve)",17.72384,3.8322375,0.338138603,60.65064,13.6647,1.205708824,25.5684195,6.249991725,0.551469858,355.7733014,75.05846202,6.622805473,47.41657726,10.93176059,1.333496227,5.060423677,91.8583961,18.15231332,-25.89124169,9.176795153,,,,,,,,,,,,,,,,,,,,,,,,,,,,,,,,,,,,,,,,,,,,,,,,,,,,,
127,SD3,S,QM,0.5L WP,0.3,10,12.39,14.08,89,25,0.0504,0.0504,0.0504,"± 5g for the weight due to the wind.For all values under detection limit (negative value), divide instrument detection limit by 2 (=lowest standard used for standard curve)",14.81527,2.9596665,0.199528079,64.03428,14.679792,0.989648899,21.9261945,5.157324225,0.347684779,293.1214316,56.26290107,3.793004566,46.66773926,10.92412919,1.373168117,4.984101169,87.79575127,17.615573,-25.71436521,9.305903626,,,,,,,,,,,,,,,,,,,,,,,,,,,,,,,,,,,,,,,,,,,,,,,,,,,,,
128,SD3,S,QM,0.5L WP,0.3,10,12.47,14.15,88,25,0.0481,0.0481,0.0481,"± 5g for the weight due to the wind. 1 mussel looking dead as shell broken up. For all values under detection limit (negative value), divide instrument detection limit by 2 (=lowest standard used for standard curve)",12.6928,2.3229255,0.158381284,55.44504,12.10302,0.825205909,9.178407,1.332987975,0.090885544,219.5728812,34.19833595,2.331704724,43.39079031,10.2791689,1.297009076,4.925980006,86.42412532,17.54884933,-25.33933701,9.525791494,,,,,,,,,,,,,,,,,,,,,,,,,,,,,,,,,,,,,,,,,,,,,,,,,,,,,
129,SD3,S,CTL3,0.5L WP,0.3,0,12.47,13.47,90,25,NA,NA,NA,"± 5g for the weight due to the wind.For all values under detection limit (negative value), divide instrument detection limit by 2 (=lowest standard used for standard curve)",4.98902,0.0117915,NA,15.88248,0.234252,NA,6.9202275,0.655534125,NA,-36.53897234,-42.63522011,NA,,,NA,,NA,NA,,,,,,,,,,,,,,,,,,,,,,,,,,,,,,,,,,,,,,,,,,,,,,,,,,,,,,,
130,SD3,S,YP,4L WP,3,1,12.56,13.32,36,25,NA,48,12,"± 5g for the weight due to the wind. For all values under detection limit (negative value), divide instrument detection limit by 2 (=lowest standard used for standard curve)",18.82438,41.623995,69.373325,657.99324,1928.6748,3214.458,50.0546115,135.9584933,226.5974888,674.0025544,1705.272379,2842.120632,,,NA,3.335746602,NA,NA,-23.61450862,13.14121446,,,,,,,,,,,,,,,,,,,,,,,,,,,,,,,,,,,,,,,,,,,,,,,,,,,,,
131,SD3,S,CTL4,4L WP,2,0,12.56,12.56,30,25,NA,NA,NA,"± 5g for the weight due to the wind. For all values under detection limit (negative value), divide instrument detection limit by 2 (=lowest standard used for standard curve)",4.91041,-0.07861,NA,14.3208,-1.56168,NA,-2.4038685,-14.2779645,NA,105.578428,0,NA,,,NA,,NA,NA,,,,,,,,,,,,,,,,,,,,,,,,,,,,,,,,,,,,,,,,,,,,,,,,,,,,,,,
132,SD4,S,WP,1L WP,0.5,1,11.01,11.34,33,23.3,NA,41,10.25,"± 5g for the weight due to the wind. Fish upside down in the bag. For all values under detection limit (negative value), divide instrument detection limit by 2 (=lowest standard used for standard curve)",323.35952,158.5760225,288.3200409,1042.4268,508.52205,924.5855455,644.356539,1277.057516,2321.922755,3538.919241,1689.146667,3071.175758,,,NA,3.271540778,NA,NA,-23.98360796,12.33139493,,,,,,,,,,,,,,,,,,,,,,,,,,,,,,,,,,,,,,,,,,,,,,,,,,,,,
133,SD4,S,WP,1L WP,0.7,1,11.03,11.36,33,23.3,NA,56,14,"± 5g for the weight due to the wind. For all values under detection limit (negative value), divide instrument detection limit by 2 (=lowest standard used for standard curve)",225.01841,153.1676545,278.4866445,889.12188,604.617426,1099.304411,441.0912615,217.6317401,395.694073,2023.746403,1304.184347,2371.244267,,,NA,,NA,NA,,,,,,,,,,,,,,,,,,,,,,,,,,,,,,,,,,,,,,,,,,,,,,,,,,,,,,,
134,SD4,S,GS,4L WP,6,1,11.08,11.38,30,23.3,NA,524,131,"± 5g for the weight due to the wind. Fish upside down in the bag. For all values under detection limit (negative value), divide instrument detection limit by 2 (=lowest standard used for standard curve)",143.26401,822.33921,1644.67842,627.80076,3614.50836,7229.01672,319.722339,219.7261904,439.4523809,1433.551471,7637.553382,15275.10676,,,NA,3.175945595,NA,NA,-23.48037986,11.50440961,,,,,,,,,,,,,,,,,,,,,,,,,,,,,,,,,,,,,,,,,,,,,,,,,,,,,
135,SD4,S,GS,4L WP,6,1,11.12,11.46,34,23.3,NA,614,153.5,"± 5g for the weight due to the wind. For all values under detection limit (negative value), divide instrument detection limit by 2 (=lowest standard used for standard curve)",316.59906,1862.34951,3286.499135,508.59252,2899.25892,5116.339271,585.332139,3477.026147,6135.928494,1992.813138,10993.12338,19399.62949,,,NA,3.390813557,NA,NA,-24.30874549,10.85945626,,,,,,,,,,,,,,,,,,,,,,,,,,,,,,,,,,,,,,,,,,,,,,,,,,,,,
136,SD4,S,GS,4L WP,5,1,11.16,11.49,33,23.3,NA,216,54,"± 5g for the weight due to the wind. For all values under detection limit (negative value), divide instrument detection limit by 2 (=lowest standard used for standard curve)",135.08857,644.405475,1171.646318,338.62968,1566.2349,2847.699818,310.130874,1825.818557,3319.670103,1171.546251,5054.601716,9190.184938,,,NA,3.155374264,NA,NA,-23.58380244,12.32543919,,,,,,,,,,,,,,,,,,,,,,,,,,,,,,,,,,,,,,,,,,,,,,,,,,,,,
137,SD4,S,GS,4L WP,4,1,11.18,11.50,32,23.3,NA,154,38.5,"± 5g for the weight due to the wind. For all values under detection limit (negative value), divide instrument detection limit by 2 (=lowest standard used for standard curve)",168.96948,651.04802,1220.715038,378.45252,1412.27928,2648.02365,377.271129,1857.216739,3482.281385,1042.030018,3525.616442,6610.530828,,,NA,,NA,NA,,,,,,,,,,,,,,,,,,,,,,,,,,,,,,,,,,,,,,,,,,,,,,,,,,,,,,,
138,SD4,S,WP,1L WP,0.5,1,11.27,11.57,30,23.3,NA,41,10.25,"± 5g for the weight due to the wind. For all values under detection limit (negative value), divide instrument detection limit by 2 (=lowest standard used for standard curve)",253.63245,123.7124875,247.424975,749.35152,361.98441,723.96882,586.807749,2323.919871,4647.839742,2859.535183,1349.454638,2698.909276,,,NA,,NA,NA,,,,,,,,,,,,,,,,,,,,,,,,,,,,,,,,,,,,,,,,,,,,,,,,,,,,,,,
139,SD4,S,WP,4L WP,3,2,11.21,11.51,30,23.3,NA,149,37.25,"± 5g for the weight due to the wind. Fish upside down in the bag. For all values under detection limit (negative value), divide instrument detection limit by 2 (=lowest standard used for standard curve)",109.93337,311.177685,311.177685,580.69008,1665.92214,1665.92214,279.880869,137.0265439,137.0265439,1200.466749,3119.522523,3119.522523,,,NA,,NA,NA,,,,,,,,,,,,,,,,,,,,,,,,,,,,,,,,,,,,,,,,,,,,,,,,,,,,,,,
140,SD4,S,WE,4L WP,2,2,11.23,11.54,31,23.3,NA,50,12.5,"± 5g for the weight due to the wind. For all values under detection limit (negative value), divide instrument detection limit by 2 (=lowest standard used for standard curve)",53.25556,94.09617,91.06080968,184.54392,318.32244,308.0539742,64.3216935,175.4817368,169.8210356,203.4691183,85.68642118,82.92234308,,,NA,4.840205834,NA,NA,,,,,,,,,,,,,,,,,,,,,,,,,,,,,,,,,,,,,,,,,,,,,,,,,,,,,,,
141,SD4,S,QM,0.5L WP,0.2,6,11.42,13.40,118,23.3,0.0746,0.012433333,0.012433333,"± 5g for the weight due to the wind + group includes one big mussel. For all values under detection limit (negative value), divide instrument detection limit by 2 (=lowest standard used for standard curve)",11.35643,1.029791,0.087270424,93.7062,13.6647,1.158025424,0.8012895,-10.0529835,-0.851947754,211.8956164,10.25394173,0.868978113,46.45659432,10.50678997,1.422656205,5.158505841,84.35830681,16.35323758,-24.11955674,7.072730503,,,,,,,,,,,,,,,,,,,,,,,,,,,,,,,,,,,,,,,,,,,,,,,,,,,,,
142,SD4,S,CTL5,0.5L WP,0.2,0,11.54,13.25,91,23.3,NA,NA,NA,"± 5g for the weight due to the wind. For all values under detection limit (negative value), divide instrument detection limit by 2 (=lowest standard used for standard curve)",6.63983,0.086471,NA,22.91004,-0.494532,NA,9.1055625,0.65555625,NA,162.2939592,0.333610298,NA,,,NA,,NA,NA,,,,,,,,,,,,,,,,,,,,,,,,,,,,,,,,,,,,,,,,,,,,,,,,,,,,,,,
143,SD4,S,QM,0.5L WP,0.2,5,11.55,13.34,99,23.3,0.0477,0.00954,0.00954,"± 5g for the weight due to the wind + group includes one big mussel. For all values under detection limit (negative value), divide instrument detection limit by 2 (=lowest standard used for standard curve)",12.06392,1.171289,0.141974424,88.76088,12.675636,1.536440727,8.3771175,0.50986725,0.061802091,310.6520312,30.00522469,3.636996932,45.64230903,11.00170615,1.152525546,4.840205834,102.3051495,21.13698984,-23.65066719,6.687422403,,,,,,,,,,,,,,,,,,,,,,,,,,,,,,,,,,,,,,,,,,,,,,,,,,,,,
144,SD4,S,QM,0.5L WP,0.2,5,11.58,13.30,92,23.3,0.0774,0.01548,0.01548,"± 5g for the weight due to the wind + group includes one big mussel. For all values under detection limit (negative value), divide instrument detection limit by 2 (=lowest standard used for standard curve)",13.63612,1.485729,0.193790739,70.80156,9.083772,1.184839826,25.1313525,3.86071425,0.503571424,615.989885,91.07279546,11.87906028,46.27452065,10.8960368,1.416283327,4.954766002,84.40578904,17.03538987,-24.37444242,6.979933788,,,,,,,,,,,,,,,,,,,,,,,,,,,,,,,,,,,,,,,,,,,,,,,,,,,,,
145,SD4,S,QM,0.5L WP,0.2,9,12.04,13.34,90,23.3,0.0569,0.006322222,0.006322222,"± 5g for the weight due to the wind + group includes one big mussel. For all values under detection limit (negative value), divide instrument detection limit by 2 (=lowest standard used for standard curve)",10.02006,0.762517,0.056482741,77.30856,10.385172,0.769272,12.383565,1.31115675,0.097122722,316.2572776,31.12627396,2.305649923,45.41677012,11.15522849,1.098260748,4.749969539,106.8295088,22.49089129,-23.81169154,7.219994855,,,,,,,,,,,,,,,,,,,,,,,,,,,,,,,,,,,,,,,,,,,,,,,,,,,,,
146,SD4,S,CTL6,4L WP,6,0,12.07,13.25,88,23.3,NA,NA,NA,"± 5g for the weight due to the wind. For all values under detection limit (negative value), divide instrument detection limit by 2 (=lowest standard used for standard curve)",5.77512,-2.59413,NA,27.85536,14.83596,NA,-5.7547155,-2.31649935,NA,158.9578562,-10.00830893,NA,,,NA,,NA,NA,,,,,,,,,,,,,,,,,,,,,,,,,,,,,,,,,,,,,,,,,,,,,,,,,,,,,,,
200,FD1,F,LP,1L WP,0.3,1,17.32,18.13,41,16.2,3,3,0.75,from minnow traps set 32h prior so been starved for that long + filtered water 5h later,35.455257,7.332511275,10.7305043,111.78209,28.407078,41.57133366,30.95294632,5.094274524,7.455035888,656.8723074,28.79579542,42.14018841,41.27,11.66,NA,3.540108709,NA,NA,-19.86,8.38,,,,,,,,,,,,,,,,,,,,,,,,,,,,,,,,,,,,,,,,,,,,,,,,,,,,,
201,FD1,F,LP,1L WP,0.3,1,17.34,18.15,41,16.2,2,2,0.5,from minnow traps set 32h prior so been starved  for that long + filtered water 5h later,25.4040045,4.317135525,6.317759305,148.56292,39.441327,57.71901512,20.930644,2.087583826,3.055000721,805.2441259,73.30734099,107.2790356,48.02,13.57,NA,3.538577948,NA,NA,-18.68,8.73,,,,,,,,,,,,,,,,,,,,,,,,,,,,,,,,,,,,,,,,,,,,,,,,,,,,,
202,FD1,F,LP,1L WP,0.3,1,17.36,18.17,41,16.2,3,3,0.75,from minnow traps set 32h prior so been starved  for that long + filtered water 5h later,18.8339175,2.346109425,3.433330866,104.35124,26.177823,38.30900927,19.60067023,1.688591695,2.471109798,487.6137809,-21.98176254,-32.16843298,50.46,13.48,NA,3.742524072,NA,NA,-20.05,9.20,,,,,,,,,,,,,,,,,,,,,,,,,,,,,,,,,,,,,,,,,,,,,,,,,,,,,
203,FD1,F,LP,1L WP,0.3,1,17.37,18.18,41,16.2,4,4,1,from minnow traps set 32h prior so been starved  for that long + filtered water 5h later,16.3823925,1.610651925,2.357051598,192.6722,52.674111,77.08406488,17.13071894,0.94760631,1.386740941,769.7612576,62.66248047,91.70119093,44.83,13.22,NA,3.391624771,NA,NA,-17.39,7.88,,,,,,,,,,,,,,,,,,,,,,,,,,,,,,,,,,,,,,,,,,,,,,,,,,,,,
204,FD1,F,LP,1L WP,0.3,1,17.38,18.19,41,16.2,3,3,0.75,from minnow traps set 32h prior so been starved  for that long + filtered water 5h later,13.3425015,0.698684625,1.022465305,106.68665,26.878446,39.33431122,16.60822925,0.790859402,1.157355222,418.4139705,-42.74170565,-62.54883753,48.11,11.91,NA,4.037968661,NA,NA,-19.46,7.85,,,,,,,,,,,,,,,,,,,,,,,,,,,,,,,,,,,,,,,,,,,,,,,,,,,,,
205,FD1,F,LP,1L WP,0.3,1,17.40,18.20,40,16.2,3,3,0.75,from minnow traps set 32h prior so been starved  for that long + filtered water 5h later,27.5613465,4.964338125,7.446507188,209.47904,57.716163,86.5742445,12.04831919,-0.577113617,NA,799.3189822,71.52979787,107.2946968,47.85,13.71,NA,3.490348596,NA,NA,-20.03,7.84,,,,,,,,,,,,,,,,,,,,,,,,,,,,,,,,,,,,,,,,,,,,,,,,,,,,,
206,FD1,F,RG,1L WP,0.3,1,17.44,18.21,37,16.2,3,3,0.75,from minnow traps set 32h prior so been starved for that long,19.863558,2.655001575,4.305407959,63.5343,13.932741,22.59363405,18.93568334,1.48909563,2.41474967,494.2903978,-19.97877745,-32.39801748,48.77,14.15,NA,3.447834601,NA,NA,-19.30,9.96,,,,,,,,,,,,,,,,,,,,,,,,,,,,,,,,,,,,,,,,,,,,,,,,,,,,,
207,FD1,F,RG,1L WP,0.3,1,17.44,18.22,38,16.2,3,3,0.75,from minnow traps set 32h prior so been starved for that long,25.747218,4.420099575,6.979104592,116.23076,29.741679,46.96054579,22.97310371,2.700321741,4.263665906,715.2153529,46.29870908,73.10322487,45.10,13.73,NA,3.285531274,NA,NA,-16.77,7.80,,,,,,,,,,,,,,,,,,,,,,,,,,,,,,,,,,,,,,,,,,,,,,,,,,,,,
208,FD1,F,RG,1L WP,0.3,1,17.46,18.23,37,16.2,2,2,0.5,from minnow traps set 32h prior so been starved for that long,31.336695,6.096942675,9.886934068,63.67492,13.974927,22.66204378,26.39303626,3.726301505,6.042651089,360.4553802,-60.12928273,-97.50694497,40.05,11.86,NA,3.376007376,NA,NA,-17.12,8.07,,,,,,,,,,,,,,,,,,,,,,,,,,,,,,,,,,,,,,,,,,,,,,,,,,,,,
209,FD1,F,RG,1L WP,0.3,1,17.46,18.24,38,16.2,2,2,0.5,from minnow traps set 32h prior so been starved for that long,38.4461175,8.229769425,12.99437278,114.21852,29.138007,46.00737947,39.12278519,7.545226183,11.91351503,739.225636,53.50179401,84.47651686,46.62,13.99,NA,3.331413171,NA,NA,-18.10,8.59,,,,,,,,,,,,,,,,,,,,,,,,,,,,,,,,,,,,,,,,,,,,,,,,,,,,,
210,FD1,F,LP,1L WP,0.3,1,17.47,18.25,38,16.2,3,3,0.75,from minnow traps set 32h prior so been starved for that long,13.587654,0.772230375,1.219311118,70.5777,16.045761,25.33541211,31.47543602,5.251021432,8.291086472,344.9748529,-64.77344092,-102.2738541,45.40,12.49,NA,3.633998157,NA,NA,-20.22,10.51,,,,,,,,,,,,,,,,,,,,,,,,,,,,,,,,,,,,,,,,,,,,,,,,,,,,,
211,FD1,F,RG,1L WP,0.3,1,17.48,18.27,39,16.2,4,4,1,from minnow traps set 32h prior so been starved for that long,45.0162045,10.20079553,15.69353158,89.1924,21.630171,33.27718615,34.467877,6.148753726,9.459621117,480.1249016,-24.22842632,-37.27450203,46.44,13.76,NA,3.374256971,NA,NA,-17.01,8.35,,,,,,,,,,,,,,,,,,,,,,,,,,,,,,,,,,,,,,,,,,,,,,,,,,,,,
212,FD1,F,RG,1L WP,0.3,1,17.53,18.28,35,16.2,2,2,0.5,from minnow traps set 32h prior so been starved for that long,29.375475,5.508576675,9.4432743,76.62066,17.858649,30.61482686,27.6280119,4.096794197,7.023075767,688.5382988,38.29559285,65.64958775,45.51,12.92,NA,3.521781905,NA,NA,-19.06,7.37,,,,,,,,,,,,,,,,,,,,,,,,,,,,,,,,,,,,,,,,,,,,,,,,,,,,,
213,FD1,F,RG,1L WP,0.3,1,17.54,18.29,35,16.2,3,3,0.75,from minnow traps set 32h prior so been starved for that long,31.336695,6.096942675,10.45190173,103.0918,25.799991,44.228556,26.3455372,3.712051786,6.363517347,671.1126724,33.06790492,56.687837,43.22679673,12.92799186,NA,3.344076243,NA,NA,-17.95130753,8.281813964,,,,,,,,,,,,,,,,,,,,,,,,,,,,,,,,,,,,,,,,,,,,,,,,,,,,,
214,FD1,F,LP,1L WP,0.3,1,17.55,18.31,36,16.2,4,4,1,from minnow traps set 32h prior so been starved for that long,19.6184055,2.581455825,4.302426375,205.66005,56.570466,94.28411,19.64816929,1.702841414,2.838069024,705.9393674,43.51591344,72.52652239,45.85557375,13.10790132,NA,3.498315453,NA,NA,-15.37456988,7.741518096,,,,,,,,,,,,,,,,,,,,,,,,,,,,,,,,,,,,,,,,,,,,,,,,,,,,,
215,FD1,F,LP,1L WP,0.3,1,17.55,18.32,37,16.2,2,2,0.5,from minnow traps set 32h prior so been starved for that long,16.725606,1.713615975,2.778836716,88.43775,21.403776,34.70882595,16.03824049,0.619862774,1.005182877,455.2233842,-31.69888153,-51.40359167,45.15198135,12.85159866,NA,3.513335776,NA,NA,-20.31259555,9.878768558,,,,,,,,,,,,,,,,,,,,,,,,,,,,,,,,,,,,,,,,,,,,,,,,,,,,,
216,FD1,F,LP,1L WP,0.3,1,17.56,18.33,37,16.2,2,2,0.5,from minnow traps set 32h prior so been starved for that long,17.5591245,1.963671525,3.184332203,88.79352,21.510507,34.88190324,15.75324611,0.534364461,0.866536963,613.5859934,15.80990123,25.63767767,48.49396123,13.55137348,NA,3.578527395,NA,NA,-16.50143473,8.926693801,,,,,,,,,,,,,,,,,,,,,,,,,,,,,,,,,,,,,,,,,,,,,,,,,,,,,
217,FD1,F,LP,1L WP,0.3,1,17.57,18.35,38,16.2,3,3,0.75,from minnow traps set 32h prior so been starved for that long,23.589876,3.772896975,5.95720575,181.00815,49.174896,77.64457263,20.0281618,1.816839166,2.86869342,503.9698666,-17.07493681,-26.96042654,46.91944451,11.96014318,NA,3.922983514,NA,NA,-19.76115105,8.056253553,,,,,,,,,,,,,,,,,,,,,,,,,,,,,,,,,,,,,,,,,,,,,,,,,,,,,
218,FD1,F,RG,1L WP,0.3,1,17.57,18.35,38,16.2,1,1,0.25,from minnow traps set 32h prior so been starved for that long,17.215911,1.860707475,2.937959171,43.66185,7.971006,12.58579895,15.37325361,0.420366709,0.663736909,402.501646,-47.515403,-75.02432053,41.29172884,11.07123614,NA,3.729640332,NA,NA,-17.65826939,7.76217261,,,,,,,,,,,,,,,,,,,,,,,,,,,,,,,,,,,,,,,,,,,,,,,,,,,,,
219,FD1,F,GF,4L WP,6,1,18.47,19.20,33,16.2,665,665,166.25,,123.710157,676.1796255,1229.417501,757.84142,4444.49754,8080.904618,121.5811588,645.6547655,1173.917755,1914.086815,8119.202953,14762.18719,48.92521785,14.55616139,NA,3.361134612,NA,NA,-16.16,7.74,,,,,,,,,,,,,,,,,,,,,,,,,,,,,,,,,,,,,,,,,,,,,,,,,,,,,
220,FD1,F,BB,4L WP,5,1,18.49,19.25,31,16.2,482,482,120.5,,58.2544395,236.2044338,457.1698718,469.9542,2264.31185,4382.539065,54.65497884,203.414738,393.7059445,1410.327431,4247.20554,8220.397819,47.21520728,13.93778469,NA,3.387568995,NA,NA,-17.54,9.60,,,,,,,,,,,,,,,,,,,,,,,,,,,,,,,,,,,,,,,,,,,,,,,,,,,,,
221,FD1,F,BB,4L WP,5,1,18.54,19.32,38,16.2,395,395,98.75,,74.385474,316.8596063,500.3046414,290.5152,1367.11685,2158.605553,48.86009313,174.4403094,275.4320676,659.9316179,495.2264761,781.9365413,,,NA,,NA,NA,,,,,,,,,,,,,,,,,,,,,,,,,,,,,,,,,,,,,,,,,,,,,,,,,,,,,,,
222,FD1,F,BB,4L WP,5,1,18.56,19.34,38,16.2,422,422,105.5,,51.4392,202.1282363,319.1498467,287.99939,1354.5378,2138.743895,39.8827702,129.5536948,204.5584654,648.9682761,440.4097673,695.3838432,,,NA,,NA,NA,,,,,,,,,,,,,,,,,,,,,,,,,,,,,,,,,,,,,,,,,,,,,,,,,,,,,,,
223,FD1,F,BB,4L WP,5,1,18.58,19.35,37,16.2,421,421,105.25,,24.570486,67.78466625,109.9210804,384.38813,1836.4815,2978.078108,23.35309622,46.90532487,76.06268898,1111.52993,2753.218038,4464.677899,,,NA,,NA,NA,,,,,,,,,,,,,,,,,,,,,,,,,,,,,,,,,,,,,,,,,,,,,,,,,,,,,,,
224,FD1,F,BB,4L WP,5,1,19.01,19.36,35,16.2,338,338,84.5,,61.3923915,251.8941938,431.8186179,252.68068,1177.94425,2019.333,43.68269525,148.55332,254.6628343,693.1839477,661.4881251,1133.979643,,,NA,,NA,NA,,,,,,,,,,,,,,,,,,,,,,,,,,,,,,,,,,,,,,,,,,,,,,,,,,,,,,,
225,FD1,F,BB,4L WP,5,1,19.02,19.36,34,16.2,394,394,98.5,,63.6477945,263.1712088,464.4197801,254.7123,1188.10235,2096.651206,41.73523366,138.8160121,244.9694331,455.8232928,-525.3151493,-927.026734,,    ,NA,,NA,NA,,,,,,,,,,,,,,,,,,,,,,,,,,,,,,,,,,,,,,,,,,,,,,,,,,,,,,,
226,FD1,F,BB,4L WP,5,1,19.06,19.37,31,16.2,485,485,121.25,,26.2865535,76.36500375,147.8032331,403.35568,1931.31925,3738.037258,22.78310746,44.05538108,85.26847951,876.1434164,1576.285468,3050.8751,,,NA,,NA,NA,,,,,,,,,,,,,,,,,,,,,,,,,,,,,,,,,,,,,,,,,,,,,,,,,,,,,,,
227,FD1,F,BB,4L WP,5,1,19.08,19.38,30,16.2,400,400,100,,32.709549,108.4799813,216.9599625,151.01036,669.59265,1339.1853,25.72804938,58.78009066,117.5601813,673.2926341,562.031557,1124.063114,,,NA,,NA,NA,,,,,,,,,,,,,,,,,,,,,,,,,,,,,,,,,,,,,,,,,,,,,,,,,,,,,,,
228,FD1,F,BB,4L WP,5,1,19.11,19.40,29,16.2,417,417,104.25,,44.6239605,168.0520388,347.6938733,208.01026,954.59215,1975.018241,40.12026551,130.7411713,270.4989752,955.6127628,1973.632201,4083.376967,,,NA,,NA,NA,,,,,,,,,,,,,,,,,,,,,,,,,,,,,,,,,,,,,,,,,,,,,,,,,,,,,,,
229,FD1,F,BB,4L WP,5,1,19.14,19.41,27,16.2,199,199,49.75,,43.0549845,160.2071588,356.0159083,319.86375,1513.8596,3364.132444,36.55783578,112.9290227,250.9533837,964.5132977,2018.134875,4484.744167,,,NA,,NA,NA,,,,,,,,,,,,,,,,,,,,,,,,,,,,,,,,,,,,,,,,,,,,,,,,,,,,,,,
230,FD1,F,YP,4L WP,4,1,19.17,19.42,28,16.2,208,208,52,,23.8350285,51.285903,109.8983636,261.00105,975.63688,2090.650457,28.24549972,57.09387392,122.3440155,988.6506252,1711.05721,3666.551164,,,NA,,NA,NA,,,,,,,,,,,,,,,,,,,,,,,,,,,,,,,,,,,,,,,,,,,,,,,,,,,,,,,
231,FD1,F,YP,4L WP,2.5,1,19.45,20.18,33,16.2,168,168,42,,19.7164665,21.75728438,39.55869886,358.24452,852.881725,1550.694045,28.57799317,36.5149048,66.39073601,1032.628606,1179.355709,2144.283108,52.43,16.33,NA,3.21,NA,NA,-16.23,11.01,,,,,,,,,,,,,,,,,,,,,,,,,,,,,,,,,,,,,,,,,,,,,,,,,,,,,
232,FD1,F,YP,4L WP,2.5,1,19.48,20.21,33,16.2,149,149,37.25,,21.8738085,27.15063938,49.36479886,174.62585,393.83505,716.0637273,21.92812432,19.8902327,36.16405945,494.3154224,-166.4272505,-302.595001,,,NA,,NA,NA,,,,,,,,,,,,,,,,,,,,,,,,,,,,,,,,,,,,,,,,,,,,,,,,,,,,,,,
233,FD1,F,YP,4L WP,2.5,1,19.49,20.22,33,16.2,127,127,31.75,,NA,NA,NA,205.88484,471.982525,858.1500455,16.84572457,7.184233303,13.06224237,500.4624129,-151.0597744,-274.6541353,,,NA,,NA,NA,,,,,,,,,,,,,,,,,,,,,,,,,,,,,,,,,,,,,,,,,,,,,,,,,,,,,,,
234,FD1,F,YP,4L WP,2.5,1,19.51,20.23,32,16.2,110,110,27.5,,20.255802,23.10562313,43.32304336,305.1965,720.261675,1350.490641,28.62549223,36.63365246,68.68809836,1014.181265,1133.237355,2124.820041,,,NA,,NA,NA,,,,,,,,,,,,,,,,,,,,,,,,,,,,,,,,,,,,,,,,,,,,,,,,,,,,,,,
235,FD1,F,YP,4L WP,2.5,1,19.52,20.24,32,16.2,95,95,23.75,,22.511205,28.74413063,53.89524492,272.54574,638.634775,1197.440203,25.30055781,28.32131641,53.10246827,976.9649711,1040.196621,1950.368665,,,NA,,NA,NA,,,,,,,,,,,,,,,,,,,,,,,,,,,,,,,,,,,,,,,,,,,,,,,,,,,,,,,
236,FD1,F,YP,4L WP,2.5,1,19.53,20.26,33,16.2,89,89,22.25,,22.9524795,29.84731688,54.26784886,175.35608,395.660625,719.3829545,24.63557092,26.6588492,48.4706349,380.7081274,-450.4454881,-818.9917966,,,NA,,NA,NA,,,,,,,,,,,,,,,,,,,,,,,,,,,,,,,,,,,,,,,,,,,,,,,,,,,,,,,
237,FD1,F,YP,4L WP,2.5,1,19.55,20.27,32,16.2,98,98,24.5,,18.09846,17.71226813,33.21050273,236.6007,548.772175,1028.947828,19.31567585,13.35911151,25.04833409,541.1821244,-49.26049558,-92.36342922,,,NA,,NA,NA,,,,,,,,,,,,,,,,,,,,,,,,,,,,,,,,,,,,,,,,,,,,,,,,,,,,,,,
238,FD1,F,YP,4L WP,2,1,19.58,20.32,34,16.2,68,68,17,,22.707327,23.3875485,41.27214441,247.23587,460.28808,812.2730824,27.01052408,26.07698567,46.01821001,800.615875,479.4591047,846.1043024,,,NA,,NA,NA,,,,,,,,,,,,,,,,,,,,,,,,,,,,,,,,,,,,,,,,,,,,,,,,,,,,,,,
239,FD1,F,YP,1L WP,0.4,1,20.01,20.34,33,16.2,24,24,6,,23.491815,4.9913049,9.075099818,189.65436,69.025012,125.5000218,16.22823674,0.9024822,1.640876727,687.3432009,50.5827513,91.96863873,,,NA,,NA,NA,,,,,,,,,,,,,,,,,,,,,,,,,,,,,,,,,,,,,,,,,,,,,,,,,,,,,,,
240,FD1,F,YP,1L WP,0.4,1,20.02,20.35,33,16.2,24,24,6,,19.1281005,3.2458191,5.901489273,294.79776,111.082372,201.9679491,21.92812432,3.182437232,5.786249512,902.3048421,136.5674078,248.3043778,,,NA,,NA,NA,,,,,,,,,,,,,,,,,,,,,,,,,,,,,,,,,,,,,,,,,,,,,,,,,,,,,,,
241,FD1,F,YP,1L WP,0.4,1,20.03,20.36,33,16.2,31,31,7.75,,33.297915,8.9137449,16.20680891,394.5741,150.992908,274.53256,32.94790698,7.590350293,13.8006369,1217.841179,262.7819426,477.7853502,,,NA,,NA,NA,,,,,,,,,,,,,,,,,,,,,,,,,,,,,,,,,,,,,,,,,,,,,,,,,,,,,,,
242,FD1,F,YP,4L WP,2,1,20.04,20.37,33,16.2,40,40,10,,18.392643,14.7581805,26.83305545,148.11206,262.04046,476.4372,18.98318241,10.02230233,18.22236787,781.4385781,441.1045108,802.0082015,,,NA,,NA,NA,,,,,,,,,,,,,,,,,,,,,,,,,,,,,,,,,,,,,,,,,,,,,,,,,,,,,,,
243,FD1,F,YP,4L WP,2,1,20.07,20.38,31,16.2,36,36,9,,19.961619,17.8961325,34.63767581,165.92114,297.65862,576.1134581,27.39051659,26.83697068,51.94252391,811.3938532,501.0150611,969.7065699,,,NA,,NA,NA,,,,,,,,,,,,,,,,,,,,,,,,,,,,,,,,,,,,,,,,,,,,,,,,,,,,,,,
244,FD1,F,YP,4L WP,2.5,1,20.09,20.39,30,16.2,45,45,11.25,,19.863558,22.12501313,44.25002625,77.705,151.532925,303.06585,21.54813182,18.94025143,37.88050287,677.101007,290.5367107,581.0734215,,,NA,,NA,NA,,,,,,,,,,,,,,,,,,,,,,,,,,,,,,,,,,,,,,,,,,,,,,,,,,,,,,,
245,FD1,F,CTL1,4L WP,5,NA,20.15,20.55,40,16.2,NA,NA,NA,,9.174909,-9.19321875,NA,11.99639,-25.4772,NA,12.19081638,-8.906074342,NA,573.3457432,62.29710271,NA,,,NA,,NA,NA,,,,,,,,,,,,,,,,,,,,,,,,,,,,,,,,,,,,,,,,,,,,,,,,,,,,,,,
246,FD1,F,CTL2,1L WP,0.4,1,20.18,20.55,37,16.2,NA,NA,NA,,12.8521965,0.7354575,1.192633784,22.18727,2.038176,3.30515027,15.75324611,0.712485947,1.155382617,548.4269021,-4.983768217,-8.081786297,,,NA,,NA,NA,,,,,,,,,,,,,,,,,,,,,,,,,,,,,,,,,,,,,,,,,,,,,,,,,,,,,,,
247,FD2,F,BB,4L WP,5,1,10.38,11.17,39,15.9,238,238,59.5,,40.946673,135.0790275,207.8138885,465.25965,2226.1852,3424.900308,36.79533109,117.322686,180.49644,1034.266698,2183.425486,3359.116133,,,NA,,NA,NA,,,,,,,,,,,,,,,,,,,,,,,,,,,,,,,,,,,,,,,,,,,,,,,,,,,,,,,
248,FD2,F,BB,4L WP,5,1,10.40,11.19,39,15.9,304,304,76,,52.4688405,192.689865,296.4459462,456.552299,2182.648445,3357.920685,45.48765965,160.7843288,247.3605058,1132.640245,2675.293219,4115.835721,,,NA,,NA,NA,,,,,,,,,,,,,,,,,,,,,,,,,,,,,,,,,,,,,,,,,,,,,,,,,,,,,,,
249,FD2,F,YP,1L WP,0.4,1,10.42,11.23,41,15.9,15,15,3.75,,22.4621745,3.4125228,4.993935805,371.25924,140.494652,205.6019298,29.48047537,6.45987259,9.453472082,2023.420187,570.3354346,834.6372214,,,NA,,NA,NA,,,,,,,,,,,,,,,,,,,,,,,,,,,,,,,,,,,,,,,,,,,,,,,,,,,,,,,
250,FD2,F,RG,1L WP,0.3,1,10.44,11.24,40,15.9,10,10,2.5,from minnow traps set 16h prior so been starved for that long,24.570486,3.19188555,4.787828325,264.01965,73.199112,109.798668,23.40059528,3.020940417,4.531410625,1096.371331,149.636919,224.4553785,45.19436163,13.32093439,NA,3.392732095,NA,NA,-18.50241903,8.395577717,,,,,,,,,,,,,,,,,,,,,,,,,,,,,,,,,,,,,,,,,,,,,,,,,,,,,
251,FD2,F,RG,1L WP,0.3,1,10.45,11.25,40,15.9,14,14,3.5,from minnow traps set 16h prior so been starved for that long,27.120072,3.95676135,5.935142025,416.65925,118.990992,178.486488,30.62045288,5.186897697,7.780346545,1214.74098,185.1478138,277.7217208,45.48091407,13.76068998,NA,3.305133255,NA,NA,-18.24567766,8.113299354,,,,,,,,,,,,,,,,,,,,,,,,,,,,,,,,,,,,,,,,,,,,,,,,,,,,,
252,FD2,F,LP,1L WP,0.3,1,10.46,11.26,40,15.9,3,3,0.75,from minnow traps set 16h prior so been starved for that long,49.1347665,10.5611697,15.84175455,67.04016,14.105265,21.1578975,37.98280767,7.395604134,11.0934062,483.0060741,-34.37265802,-51.55898703,45.22268171,12.56521149,NA,3.609176934,NA,NA,-19.9100011,9.353225915,,,,,,,,,,,,,,,,,,,,,,,,,,,,,,,,,,,,,,,,,,,,,,,,,,,,,
253,FD2,F,LP,1L WP,0.3,1,10.48,11.39,51,15.9,3,3,0.75,from minnow traps set 16h prior so been starved for that long,48.007065,10.22285925,12.02689324,70.80626,15.235095,17.92364118,34.8478695,6.455122683,7.59426198,894.2324218,88.99524628,104.7002897,46.1631686,12.7744201,NA,3.613719312,NA,NA,-19.4214932,8.638514148,,,,,,,,,,,,,,,,,,,,,,,,,,,,,,,,,,,,,,,,,,,,,,,,,,,,,
254,FD2,F,RG,1L WP,0.3,1,10.48,11.40,52,15.9,6,6,1.5,from minnow traps set 16h prior so been starved for that long,57.32286,13.01759775,15.0203051,116.02829,28.801704,33.23273538,40.59525615,8.179338676,9.437698472,460.2169491,-41.20939554,-47.54930254,47.44288954,14.37522892,NA,3.300322367,NA,NA,-18.349573,8.102480323,,,,,,,,,,,,,,,,,,,,,,,,,,,,,,,,,,,,,,,,,,,,,,,,,,,,,
255,FD2,F,LP,1L WP,0.3,1,10.50,11.42,52,15.9,3,3,0.75,from minnow traps set 16h prior so been starved for that long,34.964952,6.31022535,7.28102925,52.21455,9.657582,11.14336385,29.24298005,4.773655847,5.508064439,247.3927964,-105.0566413,-121.2192015,38.90401486,10.93976288,NA,3.556202751,NA,NA,-17.93299265,7.98838872,,,,,,,,,,,,,,,,,,,,,,,,,,,,,,,,,,,,,,,,,,,,,,,,,,,,,
256,FD2,F,RG,1L WP,0.3,1,10.51,11.44,53,15.9,4,4,1,from minnow traps set 16h prior so been starved for that long,33.395976,5.83953255,6.610791566,111.9944,27.591537,31.23570226,30.43045663,5.129898821,5.807432628,782.8627146,55.58433411,62.92566125,48.49595938,14.25154828,NA,3.402855494,NA,NA,-19.58832514,7.902820018,,,,,,,,,,,,,,,,,,,,,,,,,,,,,,,,,,,,,,,,,,,,,,,,,,,,,
257,FD2,F,RG,1L WP,0.3,1,10.52,11.45,53,15.9,3,3,0.75,from minnow traps set 16h prior so been starved for that long,29.3264445,4.6186731,5.228686528,102.65276,24.789045,28.06306981,26.67803064,4.004171024,4.533023801,585.8212453,-3.528106671,-3.994083024,46.41291154,14.11062497,NA,3.289217284,NA,NA,-18.71820166,8.712280271,,,,,,,,,,,,,,,,,,,,,,,,,,,,,,,,,,,,,,,,,,,,,,,,,,,,,
258,FD2,F,LP,1L WP,0.3,1,10.53,11.46,53,15.9,3,3,0.75,from minnow traps set 16h prior so been starved for that long,30.454146,4.95698355,5.611679491,152.3333,39.693207,44.93570604,33.13790323,5.942132801,6.726942794,836.0141779,71.52977312,80.97710164,47.29168759,12.32843662,NA,3.835984161,NA,NA,-18.82809097,8.134937417,,,,,,,,,,,,,,,,,,,,,,,,,,,,,,,,,,,,,,,,,,,,,,,,,,,,,
259,FD2,F,RG,1L WP,0.3,1,10.54,11.48,54,15.9,3,3,0.75,from minnow traps set 16h prior so been starved for that long,11.626434,-0.69133005,-0.7681445,56.15687,10.840278,12.04475333,13.80578452,0.142497189,0.158330211,500.0299383,-29.26549877,-32.51722086,,,NA,,NA,NA,,,,,,,,,,,,,,,,,,,,,,,,,,,,,,,,,,,,,,,,,,,,,,,,,,,,,,,
260,FD2,F,RG,1L WP,0.3,1,10.55,11.50,55,15.9,5,5,1.25,from minnow traps set 16h prior so been starved for that long,45.3103875,9.413856,10.26966109,202.86308,54.852141,59.83869927,44.11018682,9.233817878,10.07325587,891.3263316,88.12341921,96.13463914,48.45674225,14.38152012,NA,3.369375549,NA,NA,-19.19,8.1447729,,,,,,,,,,,,,,,,,,,,,,,,,,,,,,,,,,,,,,,,,,,,,,,,,,,,,
261,FD2,F,LP,1L WP,0.3,1,10.57,11.51,54,15.9,1,1,0.25,from minnow traps set 16h prior so been starved for that long,37.4655075,7.060392,7.84488,97.98194,23.387799,25.98644333,26.96302502,4.089669338,4.544077042,367.5421769,-69.0118272,-76.679808,42.52792203,11.07515032,NA,3.839940842,NA,NA,-18.77,8.572616412,,,,,,,,,,,,,,,,,,,,,,,,,,,,,,,,,,,,,,,,,,,,,,,,,,,,,
262,FD2,F,LP,1L WP,0.3,1,10.58,11.54,56,15.9,2,2,0.5,from minnow traps set 16h prior so been starved for that long,25.8943095,3.5890326,3.845392071,210.02132,56.999613,61.07101393,23.44809434,3.035190136,3.251989431,778.4448796,54.25898362,58.13462531,50.49967875,13.61385146,NA,3.709433653,NA,NA,-17.94,9.634848579,,,,,,,,,,,,,,,,,,,,,,,,,,,,,,,,,,,,,,,,,,,,,,,,,,,,,
263,FD2,F,RG,1L WP,0.3,1,10.59,11.56,57,15.9,3,3,0.75,from minnow traps set 16h prior so been starved for that long,18.1474905,1.2649869,1.331565158,69.95702,14.980323,15.76876105,24.0180831,3.206186763,3.374933435,691.5011622,28.17586839,29.65880884,48.09967722,14.11218686,NA,3.408378709,NA,NA,-18.20,8.163460318,,,,,,,,,,,,,,,,,,,,,,,,,,,,,,,,,,,,,,,,,,,,,,,,,,,,,
264,FD2,F,RG,1L WP,0.3,1,11.01,11.57,56,15.9,3,3,0.75,from minnow traps set 16h prior so been starved for that long,22.0209,2.42700975,2.600367589,56.7938,11.031357,11.81931107,20.17065899,2.051959528,2.198528066,752.283408,46.41054214,49.72558087,45.71661169,13.75171927,NA,3.324428808,NA,NA,-17.96,8.394594169,,,,,,,,,,,,,,,,,,,,,,,,,,,,,,,,,,,,,,,,,,,,,,,,,,,,,
265,FD2,F,LP,1L WP,0.3,1,11.02,11.59,57,15.9,1,1,0.25,from minnow traps set 16h prior so been starved for that long,33.395976,5.83953255,6.146876368,94.33492,22.293693,23.46704526,32.94790698,5.885133925,6.194877816,617.0142231,5.82978668,6.136617558,47.16365983,12.77797805,NA,3.69101118,NA,NA,-19.27,9.817788563,,,,,,,,,,,,,,,,,,,,,,,,,,,,,,,,,,,,,,,,,,,,,,,,,,,,,
266,FD2,F,CTL3,1L WP,0.3,1,11.04,11.59,55,15.9,NA,NA,NA,,15.5979045,0.5001111,0.545575745,21.777,0.526317,0.574164,13.33079389,0,NA,596.5146642,-0.320080987,-0.349179258,,,NA,,NA,NA,,,,,,,,,,,,,,,,,,,,,,,,,,,,,,,,,,,,,,,,,,,,,,,,,,,,,,,
267,FD2,F,CTL4,4L WP,5,1,11.06,11.53,47,15.9,NA,NA,NA,,12.2638305,-8.335185,-10.6406617,18.26822,-8.77195,-11.19823404,27.67551097,71.72358537,91.56202388,598.6485375,5.334683112,6.81023376,,,NA,,NA,NA,,,,,,,,,,,,,,,,,,,,,,,,,,,,,,,,,,,,,,,,,,,,,,,,,,,,,,,
268,FD2,F,BB,4L WP,5,1,13.36,14.09,33,15.9,390,390,97.5,,55.0184265,213.8955563,388.9010114,198.40457,942.576675,1713.775773,39.21778331,131.4536573,239.0066496,582.6014046,-321.722436,-584.9498836,,,NA,,NA,NA,,,,,,,,,,,,,,,,,,,,,,,,,,,,,,,,,,,,,,,,,,,,,,,,,,,,,,,
269,FD2,F,BB,4L WP,5,1,13.38,14.11,33,15.9,450,450,112.5,,46.9774245,173.6905463,315.8009932,431.73326,2109.220125,3834.945682,38.83779081,129.5536948,235.5521723,1305.731489,3293.927985,5988.959973,,,NA,,NA,NA,,,,,,,,,,,,,,,,,,,,,,,,,,,,,,,,,,,,,,,,,,,,,,,,,,,,,,,
270,FD2,F,YP,1L WP,0.3,1,13.39,14.12,33,15.9,7,7,1.75,,19.5203445,2.184308775,3.9714705,99.89273,27.0010485,49.09281545,18.41319365,1.645842538,2.992440979,627.3118803,-5.89020345,-10.70946082,38.52801778,11.6841471,NA,3.297460862,NA,NA,-19.3745405,9.462727626,,,,,,,,,,,,,,,,,,,,,,,,,,,,,,,,,,,,,,,,,,,,,,,,,,,,,
271,FD3,F,GS,1L WP,0.3,1,19.09,20.00,51,16.8,8,8,2,,434.465466,126.6678452,149.0209944,419.20697,122.7953205,144.4650829,350.2416489,101.1943791,119.0522107,3479.246605,849.6902138,999.6355457,44.83005899,11.90178515,NA,3.766666799,NA,NA,-22.10379118,11.3334365,,,,,,,,,,,,,,,,,,,,,,,,,,,,,,,,,,,,,,,,,,,,,,,,,,,,,
272,FD3,F,GS,1L WP,0.3,1,19.12,20.03,51,16.8,9,9,2.25,,196.373358,55.24021283,64.98848568,310.92887,90.3118905,106.2492829,183.0924456,51.04961813,60.05837427,1602.681783,286.7207675,337.31855,48.22642575,10.66434507,NA,4.522211673,NA,NA,-18.24567766,10.69019591,,,,,,,,,,,,,,,,,,,,,,,,,,,,,,,,,,,,,,,,,,,,,,,,,,,,,
273,FD3,F,GS,1L WP,0.3,1,19.13,20.04,51,16.8,9,9,2.25,,281.3432145,80.73116978,94.97784679,532.13564,156.6739215,184.3222606,238.6188505,67.70753958,79.65592892,1919.299366,381.7060424,449.0659322,46.80955727,12.78758758,NA,3.660650574,NA,NA,-22.26662715,11.60883002,,,,,,,,,,,,,,,,,,,,,,,,,,,,,,,,,,,,,,,,,,,,,,,,,,,,,
274,FD3,F,GS,1L WP,0.3,1,19.14,20.05,51,16.8,6,6,1.5,,216.475863,61.27096433,72.08348744,249.57128,71.9046135,84.59366294,176.4900758,49.0689072,57.72812611,1619.665483,291.8158772,343.3127968,44.1399152,12.61703921,NA,3.498436873,NA,NA,-19.47843584,11.45736358,,,,,,,,,,,,,,,,,,,,,,,,,,,,,,,,,,,,,,,,,,,,,,,,,,,,,
275,FD3,F,BB,1L WP,0.3,1,19.15,20.06,51,16.8,12,12,3,,91.350027,23.73321353,27.92142768,421.149,123.3779295,145.1505053,78.40451042,19.64323757,23.10969126,1162.114896,154.5507012,181.8243544,44.04375031,12.26263845,NA,3.591702592,NA,NA,-15.22671882,9.214873453,,,,,,,,,,,,,,,,,,,,,,,,,,,,,,,,,,,,,,,,,,,,,,,,,,,,,
276,FD3,F,GS,1L WP,0.3,1,19.16,20.07,51,16.8,10,10,2.5,,267.6146745,76.61260778,90.13247974,551.26379,162.4123665,191.0733724,220.8542008,62.37814469,73.38605258,1913.31086,379.9094906,446.9523419,49.66945443,12.9585743,NA,3.832941286,NA,NA,-26.52134115,13.48839083,,,,,,,,,,,,,,,,,,,,,,,,,,,,,,,,,,,,,,,,,,,,,,,,,,,,,
277,FD3,F,GS,1L WP,0.3,1,19.18,20.09,51,16.8,6,6,1.5,,294.0911445,84.55554878,99.47711621,330.88601,96.2990325,113.2929794,232.8714638,65.98332359,77.62743951,1934.392814,386.2340766,454.3930313,47.73912412,13.00332995,NA,3.671299915,NA,NA,-20.86603804,11.19180554,,,,,,,,,,,,,,,,,,,,,,,,,,,,,,,,,,,,,,,,,,,,,,,,,,,,,
278,FD3,F,GS,1L WP,0.3,1,19.19,20.10,51,16.8,9,9,2.25,,408.6263925,118.9161232,139.9013214,557.5785,164.3067795,193.3020935,320.6022335,92.30255448,108.5912406,2307.603566,498.1973022,586.1144731,44.20551965,11.69570902,NA,3.779635725,NA,NA,-21.95693911,7.493663924,,,,,,,,,,,,,,,,,,,,,,,,,,,,,,,,,,,,,,,,,,,,,,,,,,,,,
279,FD3,F,GS,1L WP,0.3,1,19.20,20.12,52,16.8,14,14,3.5,,239.4711675,68.16955568,78.65717963,422.7477,123.8575395,142.9125456,244.1287418,69.36050698,80.0313542,2109.853379,438.8722461,506.3910531,52.17013435,11.13530936,NA,4.685108664,NA,NA,-26.1976672,5.007253815,,,,,,,,,,,,,,,,,,,,,,,,,,,,,,,,,,,,,,,,,,,,,,,,,,,,,
280,FD3,F,GS,1L WP,0.3,1,19.21,20.13,52,16.8,7,7,1.75,,186.9104715,52.40134688,60.46309255,309.0471,89.7473595,103.5546456,166.7052688,46.13346509,53.23092126,1603.667855,287.0165889,331.1729871,43.89316388,12.24556131,NA,3.584414203,NA,NA,-23.49838633,12.00126579,,,,,,,,,,,,,,,,,,,,,,,,,,,,,,,,,,,,,,,,,,,,,,,,,,,,,
281,FD3,F,GS,1L WP,0.3,1,19.23,20.14,51,16.8,5,5,1.25,,170.681376,47.53261823,55.92072732,246.41115,70.9565745,83.47832294,146.9456586,40.20558201,47.30068472,1453.301508,241.9066848,284.5960998,43.38763956,13.05696786,NA,3.322949096,NA,NA,-21.17872305,12.22354771,,,,,,,,,,,,,,,,,,,,,,,,,,,,,,,,,,,,,,,,,,,,,,,,,,,,,
282,FD3,F,GS,1L WP,0.3,1,19.24,20.15,51,16.8,10,10,2.5,,222.163401,62.97722573,74.09085379,348.54045,101.5953645,119.5239582,205.2745081,57.70423688,67.8873375,1611.45172,289.3517484,340.4138217,,,NA,,NA,NA,,,,,,,,,,,,,,,,,,,,,,,,,,,,,,,,,,,,,,,,,,,,,,,,,,,,,,,
283,FD3,F,GS,1L WP,0.3,1,19.26,20.16,50,16.8,8,8,2,,266.8301865,76.37726138,91.65271365,355.08075,103.5574545,124.2689454,264.5533389,75.48788612,90.58546335,1834.651681,356.3117368,427.5740842,44.00341778,12.32,NA,3.572392975,NA,NA,-24.23,9.73,,,,,,,,,,,,,,,,,,,,,,,,,,,,,,,,,,,,,,,,,,,,,,,,,,,,,
284,FD3,F,GS,1L WP,0.3,1,19.27,20.18,51,16.8,11,11,2.75,,260.30913,74.42094443,87.55405226,347.53425,101.2935045,119.1688288,225.5566081,63.78886687,75.04572573,1878.326301,369.4141228,434.6048504,,,NA,,NA,NA,,,,,,,,,,,,,,,,,,,,,,,,,,,,,,,,,,,,,,,,,,,,,,,,,,,,,,,
285,FD3,F,GS,1L WP,0.3,1,19.28,20.19,51,16.8,13,13,3.25,,270.2623215,77.40690188,91.06694338,586.2552,172.9097895,203.4232818,273.7681572,78.2523316,92.06156659,2435.198068,536.4756528,631.1478269,,,NA,,NA,NA,,,,,,,,,,,,,,,,,,,,,,,,,,,,,,,,,,,,,,,,,,,,,,,,,,,,,,,
286,FD3,F,GS,1L WP,0.3,1,19.29,20.20,51,16.8,9,9,2.25,,280.117452,80.36344103,94.54522474,305.5254,88.6908495,104.3421759,189.409821,52.94483075,62.28803618,1674.224868,308.1836928,362.5690504,48.05408611,12.83437461,NA,3.744170447,NA,NA,-22.14,11.57,,,,,,,,,,,,,,,,,,,,,,,,,,,,,,,,,,,,,,,,,,,,,,,,,,,,,
287,FD3,F,GS,1L WP,0.3,1,19.38,20.23,45,16.8,7,7,1.75,,303.9953055,87.52679708,116.7023961,345.7734,100.7652495,134.353666,219.476728,61.96490284,82.61987046,1654.315563,302.2109015,402.9478686,50.11416914,14.07007609,NA,3.561755374,NA,NA,-19.30,10.26,,,,,,,,,,,,,,,,,,,,,,,,,,,,,,,,,,,,,,,,,,,,,,,,,,,,,
288,FD3,F,GS,1L WP,0.3,1,19.39,20.25,46,16.8,4,4,1,,164.993838,45.82635683,59.7735089,214.4643,61.3725195,80.05111239,141.245771,38.49561574,50.2116727,1276.203997,188.7774316,246.2314325,43.11997022,12.90482821,NA,3.341382738,NA,NA,-24.18,13.59,,,,,,,,,,,,,,,,,,,,,,,,,,,,,,,,,,,,,,,,,,,,,,,,,,,,,
289,FD3,F,LB,4L WP,6,1,19.46,20.30,44,16.8,887,887,221.75,,163.915167,910.0551105,1240.984242,704.39992,4167.06411,5682.36015,127.8985342,689.8288943,940.6757649,1714.180521,6403.407775,8731.919693,,,NA,,NA,NA,,,,,,,,,,,,,,,,,,,,,,,,,,,,,,,,,,,,,,,,,,,,,,,,,,,,,,,
290,FD3,F,NP,4L WP,2,1,19.51,20.31,40,16.8,80,80,20,,30.84639,37.2141495,55.82122425,194.2952,368.81193,553.217895,31.28543977,36.71677582,55.07516373,679.2610463,64.6303089,96.94546334,,,NA,,NA,NA,,,,,,,,,,,,,,,,,,,,,,,,,,,,,,,,,,,,,,,,,,,,,,,,,,,,,,,
291,FD3,F,BB,4L WP,2,1,19.47,20.32,45,16.8,113,113,28.25,,82.328415,140.1781995,186.904266,416.02232,812.26617,1083.02156,64.91477648,103.9754493,138.6339323,1200.511058,1107.130333,1476.173777,42.59,12.4182614,NA,3.43,NA,NA,-14.28,8.77,,,,,,,,,,,,,,,,,,,,,,,,,,,,,,,,,,,,,,,,,,,,,,,,,,,,,
292,FD3,F,BB,1L WP,0.3,1,19.52,20.34,42,16.8,6,6,1.5,,59.0389275,14.03988368,20.05697668,580.2178,171.0985695,244.4265279,56.07995073,12.94586966,18.49409952,936.4868869,86.86229853,124.0889979,46.89,11.79598679,NA,3.97,NA,NA,-13.50,9.05,,,,,,,,,,,,,,,,,,,,,,,,,,,,,,,,,,,,,,,,,,,,,,,,,,,,,
293,FD3,F,BB,1L WP,0.3,1,19.53,20.36,43,16.8,13,13,3.25,,92.330637,24.02739653,33.5265998,483.96152,142.2216855,198.4488635,76.07705632,18.94500134,26.43488559,1363.812655,215.0600289,300.0837613,42.38,13.02823489,NA,3.25,NA,NA,-16.52,9.54,,,,,,,,,,,,,,,,,,,,,,,,,,,,,,,,,,,,,,,,,,,,,,,,,,,,,
294,FD3,F,LB,4L WP,6,1,20.59,21.46,47,16.8,693,693,173.25,,31.140573,113.4075465,144.7755913,479.84955,2819.76189,3599.69603,34.51537606,129.5299452,165.3573769,1597.849119,5705.419361,7283.514078,,,NA,,NA,NA,,,,,,,,,,,,,,,,,,,,,,,,,,,,,,,,,,,,,,,,,,,,,,,,,,,,,,,
295,FD3,F,LB,4L WP,5,1,21.01,21.48,47,16.8,562,562,140.5,,447.6546705,2177.076776,2779.246948,464.75655,2274.336575,2903.408394,321.9322072,1545.025777,1972.373332,1831.63818,5923.461443,7561.865672,,,NA,,NA,NA,,,,,,,,,,,,,,,,,,,,,,,,,,,,,,,,,,,,,,,,,,,,,,,,,,,,,,,
296,FD3,F,LB,4L WP,5,1,21.04,21.49,45,16.8,501,501,125.25,,30.258024,90.09354375,120.124725,638.9648,3145.377825,4193.8371,37.03282641,120.5288728,160.7051637,1287.787157,3204.206325,4272.275099,,,NA,,NA,NA,,,,,,,,,,,,,,,,,,,,,,,,,,,,,,,,,,,,,,,,,,,,,,,,,,,,,,,
297,FD3,F,LB,4L WP,2,1,21.07,21.50,43,16.8,307,307,76.75,,139.7431305,255.0076305,355.8246007,785.44172,1551.10497,2164.332516,104.7664905,183.6788772,256.2961078,1934.161595,2574.431407,3592.22987,,,NA,,NA,NA,,,,,,,,,,,,,,,,,,,,,,,,,,,,,,,,,,,,,,,,,,,,,,,,,,,,,,,
298,FD3,F,LB,4L WP,5,1,21.15,21.52,37,16.8,472,472,118,,65.2167705,264.8872763,429.5469345,497.24896,2436.798625,3951.565338,60.06987204,235.7141009,382.2390826,1124.852396,2389.532521,3874.917602,,,NA,,NA,NA,,,,,,,,,,,,,,,,,,,,,,,,,,,,,,,,,,,,,,,,,,,,,,,,,,,,,,,
299,FD3,F,LB,4L WP,5,1,21.15,21.53,38,16.8,575,575,143.75,,74.777718,312.6920138,493.7242322,464.16988,2271.403225,3586.426145,71.04215563,290.5755189,458.8034509,1314.602038,3338.280729,5270.969572,,,NA,,NA,NA,,,,,,,,,,,,,,,,,,,,,,,,,,,,,,,,,,,,,,,,,,,,,,,,,,,,,,,
300,FD3,F,WE,4L WP,5,1,21.16,21.54,38,16.8,381,381,95.25,,114.982728,513.7170638,811.1322059,283.36606,1367.384125,2159.027566,113.6488153,503.6088171,795.1718165,1368.686205,3608.701564,5697.949837,,,NA,,NA,NA,,,,,,,,,,,,,,,,,,,,,,,,,,,,,,,,,,,,,,,,,,,,,,,,,,,,,,,
301,FD3,F,LB,4L WP,5,1,21.21,21.55,34,16.8,552,552,138,,31.630878,96.95781375,171.1020243,444.12945,2171.201075,3831.531309,42.82771211,149.5033013,263.8293552,1360.629542,3568.418252,6297.208681,,,NA,,NA,NA,,,,,,,,,,,,,,,,,,,,,,,,,,,,,,,,,,,,,,,,,,,,,,,,,,,,,,,
302,FD3,F,GS,4L WP,6,1,21.25,21.57,32,16.8,359,359,89.75,,155.187738,857.6905365,1608.169756,210.69105,1204.81089,2259.020419,206.69948,1162.634569,2179.939817,1659.647469,6076.209464,11392.89275,,,NA,,NA,NA,,,,,,,,,,,,,,,,,,,,,,,,,,,,,,,,,,,,,,,,,,,,,,,,,,,,,,,
303,FD3,F,LB,4L WP,5,1,21.29,21.58,29,16.8,513,513,128.25,,40.848612,143.0464838,295.9582422,282.3828,1362.467825,2818.898948,42.78021305,149.265806,308.8258055,1118.138168,2355.961382,4874.402858,,,NA,,NA,NA,,,,,,,,,,,,,,,,,,,,,,,,,,,,,,,,,,,,,,,,,,,,,,,,,,,,,,,
304,FD3,F,LB,4L WP,5,1,21.30,22.00,30,16.8,380,380,95,,40.260246,140.1046538,280.2093075,378.44345,1842.771075,3685.54215,43.20770462,151.4032638,302.8065276,1256.386074,3047.200908,6094.401817,,,NA,,NA,NA,,,,,,,,,,,,,,,,,,,,,,,,,,,,,,,,,,,,,,,,,,,,,,,,,,,,,,,
305,FD3,F,LB,4L WP,5,1,21.32,22.02,30,16.8,405,405,101.25,,32.611488,101.8608638,203.7217275,435.79056,2129.506625,4259.01325,40.2627627,136.6785542,273.3571085,1173.239833,2631.469708,5262.939416,,,NA,,NA,NA,,,,,,,,,,,,,,,,,,,,,,,,,,,,,,,,,,,,,,,,,,,,,,,,,,,,,,,
306,FD3,F,LB,4L WP,2,1,21.34,22.03,29,16.8,243,243,60.75,,87.5746785,150.6707265,311.7325376,580.77488,1141.77129,2362.285428,71.61214439,117.3701851,242.8348657,1341.566172,1389.240561,2874.290816,,,NA,,NA,NA,,,,,,,,,,,,,,,,,,,,,,,,,,,,,,,,,,,,,,,,,,,,,,,,,,,,,,,
307,FD3,F,LB,4L WP,5,1,21.38,22.04,26,16.8,376,376,94,,34.376586,110.6863538,255.4300471,309.29865,1497.047075,3454.724019,35.7503517,114.1164992,263.3457675,1086.53717,2197.95639,5072.207054,,,NA,,NA,NA,,,,,,,,,,,,,,,,,,,,,,,,,,,,,,,,,,,,,,,,,,,,,,,,,,,,,,,
308,FD3,F,LB,4L WP,5,1,21.40,22.05,25,16.8,380,380,95,,24.3253335,60.43009125,145.032219,405.60364,1978.572025,4748.57286,26.82052783,69.46737987,166.7217117,1075.998698,2145.264031,5148.633675,,,NA,,NA,NA,,,,,,,,,,,,,,,,,,,,,,,,,,,,,,,,,,,,,,,,,,,,,,,,,,,,,,,
309,FD3,F,LB,4L WP,5,1,21.41,22.06,25,16.8,260,260,65,,25.4040045,65.82344625,157.976271,437.59816,2138.544625,5132.5071,45.01266902,160.4280858,385.027406,1185.774884,2694.14496,6465.947904,,,NA,,NA,NA,,,,,,,,,,,,,,,,,,,,,,,,,,,,,,,,,,,,,,,,,,,,,,,,,,,,,,,
310,FD3,F,LB,4L WP,4,1,21.43,22.08,25,16.8,312,312,78,,25.2078825,51.874269,124.4982456,305.62112,1182.92754,2839.026096,30.8579482,71.72358537,172.1366049,1137.464303,1962.073646,4708.976751,,,NA,,NA,NA,,,,,,,,,,,,,,,,,,,,,,,,,,,,,,,,,,,,,,,,,,,,,,,,,,,,,,,
311,FD3,F,CTL5,4L WP,4,1,23.21,0.09,48,16.8,NA,NA,NA,,13.3425015,4.412745,5.51593125,12.64935,11.04046,13.800575,13.80578452,3.514930674,NA,676.7872062,119.3652577,149.2065722,,,NA,,NA,NA,,,,,,,,,,,,,,,,,,,,,,,,,,,,,,,,,,,,,,,,,,,,,,,,,,,,,,,
312,FD3,F,CTL6,1L WP,0.3,1,23.20,0.09,49,16.8,NA,NA,NA,,11.136129,-0.330955875,-0.405252092,7.12912,-0.8280345,-1.013919796,12.04831919,-0.263619801,NA,617.1045774,-8.95239433,-10.96211551,,,NA,,NA,NA,,,,,,,,,,,,,,,,,,,,,,,,,,,,,,,,,,,,,,,,,,,,,,,,,,,,,,,
